step,baseline_train_loss,reader_train_loss
0,10.397902,10.397383
1,10.386316,10.385813
2,10.366484,10.363858
3,10.334968,10.322117
4,10.29037,10.250022
5,10.222484,10.124058
6,10.125069,9.935408
7,9.972007,9.681781
8,9.72323,9.392436
9,9.58339,9.145926
10,9.286507,8.878981
11,8.991821,8.6296
12,8.735044,8.417831
13,8.499538,8.214992
14,8.288185,8.02806
15,8.084364,7.851444
16,7.894763,7.689358
17,7.729895,7.550151
18,7.571765,7.415909
19,7.428262,7.294968
20,7.292669,7.178928
21,7.170522,7.074799
22,7.063908,6.985098
23,6.95764,6.89404
24,6.862967,6.813552
25,6.779393,6.743376
26,6.697734,6.673446
27,6.615909,6.60184
28,6.542924,6.538206
29,6.478534,6.483004
30,6.419178,6.431984
31,6.362978,6.383897
32,6.314156,6.343205
33,6.264656,6.299751
34,6.222813,6.262851
35,6.190922,6.236036
36,6.151037,6.201646
37,6.117958,6.17274
38,6.090394,6.149985
39,6.062788,6.125854
40,6.030392,6.097653
41,6.021092,6.091679
42,5.994939,6.069162
43,5.969079,6.045543
44,5.947105,6.026529
45,5.928594,6.009486
46,5.908331,5.992334
47,5.891123,5.977423
48,5.868758,5.958127
49,5.846359,5.938795
50,5.830003,5.924648
51,5.810484,5.906016
52,5.787951,5.885169
53,5.760051,5.858792
54,5.737559,5.839172
55,5.716939,5.820333
56,5.701707,5.807932
57,5.682098,5.789729
58,5.658448,5.769293
59,5.636731,5.749711
60,5.61582,5.730945
61,5.600787,5.716783
62,5.58135,5.699273
63,5.561035,5.680316
64,5.542597,5.66376
65,5.530862,5.65391
66,5.511422,5.635928
67,5.490634,5.616531
68,5.468006,5.595941
69,5.44929,5.577449
70,5.426048,5.556208
71,5.408382,5.539358
72,5.395824,5.527724
73,5.378269,5.509831
74,5.356861,5.489835
75,5.335356,5.469143
76,5.310732,5.446557
77,5.297407,5.434746
78,5.284578,5.423308
79,5.260142,5.39999
80,5.248445,5.389939
81,5.230406,5.373151
82,5.213602,5.356307
83,5.202265,5.345999
84,5.188791,5.333359
85,5.172435,5.316545
86,5.164377,5.308225
87,5.148461,5.292045
88,5.131941,5.275916
89,5.112967,5.255339
90,5.095728,5.237238
91,5.066612,5.207679
92,5.045939,5.186335
93,5.033112,5.172501
94,5.010634,5.149434
95,4.993283,5.130008
96,4.991645,5.126348
97,4.980523,5.112803
98,4.972194,5.103263
99,4.961488,5.092323
100,4.952563,5.084194
101,4.950907,5.080136
102,4.937756,5.066003
103,4.929445,5.058629
104,4.910736,5.038682
105,4.890599,5.017517
106,4.877533,5.001377
107,4.864598,4.986612
108,4.855015,4.974894
109,4.835831,4.952586
110,4.825222,4.940572
111,4.816676,4.930309
112,4.815102,4.926401
113,4.806541,4.915415
114,4.789419,4.894974
115,4.769704,4.872307
116,4.752767,4.854263
117,4.73796,4.838536
118,4.736218,4.835125
119,4.711509,4.80887
120,4.69316,4.787449
121,4.687902,4.78075
122,4.681393,4.773356
123,4.67303,4.762743
124,4.659217,4.747367
125,4.652592,4.739648
126,4.645382,4.730349
127,4.642296,4.725391
128,4.634511,4.716735
129,4.620338,4.70118
130,4.617256,4.697469
131,4.606971,4.684509
132,4.606937,4.683564
133,4.600843,4.676943
134,4.590359,4.666576
135,4.578268,4.651785
136,4.56808,4.642235
137,4.555672,4.629546
138,4.541464,4.613489
139,4.526451,4.59825
140,4.517681,4.588473
141,4.511304,4.579702
142,4.494231,4.562009
143,4.486694,4.553887
144,4.474329,4.541507
145,4.461896,4.52867
146,4.455872,4.523909
147,4.446654,4.512636
148,4.447943,4.511064
149,4.441376,4.504759
150,4.443214,4.504887
151,4.422668,4.482761
152,4.410254,4.471817
153,4.386344,4.448293
154,4.35963,4.41887
155,4.351332,4.409951
156,4.338567,4.399172
157,4.327048,4.387687
158,4.319962,4.381084
159,4.306278,4.367139
160,4.285825,4.347407
161,4.285762,4.34602
162,4.278776,4.34025
163,4.269285,4.330035
164,4.258135,4.320096
165,4.262898,4.326395
166,4.250402,4.313996
167,4.248457,4.314521
168,4.244323,4.309823
169,4.240628,4.30574
170,4.230909,4.29866
171,4.221586,4.291953
172,4.213947,4.28341
173,4.201498,4.272236
174,4.182211,4.255265
175,4.177875,4.251847
176,4.163235,4.238693
177,4.158279,4.233683
178,4.151812,4.228119
179,4.144922,4.224311
180,4.131497,4.211938
181,4.119951,4.201879
182,4.110374,4.193825
183,4.10893,4.197023
184,4.105902,4.196403
185,4.093855,4.186249
186,4.085235,4.180653
187,4.088199,4.18498
188,4.082563,4.181613
189,4.073669,4.176765
190,4.062601,4.168983
191,4.052541,4.160267
192,4.03705,4.145942
193,4.030865,4.139932
194,4.030788,4.140115
195,4.016494,4.128825
196,4.013347,4.129649
197,4.015895,4.133812
198,4.003535,4.122115
199,4.006155,4.125845
200,4.002907,4.124793
201,4.000999,4.122639
202,3.986175,4.109661
203,3.982202,4.107575
204,3.966656,4.094634
205,3.953377,4.0815
206,3.948605,4.07697
207,3.942251,4.07322
208,3.930821,4.066039
209,3.91435,4.052431
210,3.916565,4.056967
211,3.910414,4.051827
212,3.902387,4.044505
213,3.893844,4.037547
214,3.893553,4.040501
215,3.885258,4.033676
216,3.86623,4.012642
217,3.856468,4.004032
218,3.858818,4.007817
219,3.851567,4.000275
220,3.838712,3.989327
221,3.842897,3.996836
222,3.845304,4.002253
223,3.841632,4.001503
224,3.836778,3.999432
225,3.845509,4.010204
226,3.837113,4.003043
227,3.830411,3.997531
228,3.828447,3.99665
229,3.828399,3.996125
230,3.82604,3.993853
231,3.8254,3.993611
232,3.815024,3.984236
233,3.795639,3.965839
234,3.795303,3.965625
235,3.791462,3.962947
236,3.788471,3.960646
237,3.78014,3.950967
238,3.777421,3.94812
239,3.767661,3.940842
240,3.766624,3.941051
241,3.763036,3.938496
242,3.76415,3.941517
243,3.751757,3.930242
244,3.744191,3.923438
245,3.746991,3.926922
246,3.740374,3.922151
247,3.731548,3.914996
248,3.73009,3.914574
249,3.728243,3.9132
250,3.728926,3.913958
251,3.738581,3.922564
252,3.736237,3.920635
253,3.736016,3.921213
254,3.729721,3.914899
255,3.722373,3.906446
256,3.715866,3.899358
257,3.710324,3.894175
258,3.712353,3.897934
259,3.708799,3.895516
260,3.713508,3.902584
261,3.701024,3.890215
262,3.690547,3.87989
263,3.693383,3.885368
264,3.681414,3.876694
265,3.680407,3.878289
266,3.677156,3.87327
267,3.666696,3.86309
268,3.670252,3.86812
269,3.660571,3.856916
270,3.653535,3.848185
271,3.654322,3.848404
272,3.65253,3.845066
273,3.660471,3.854777
274,3.665723,3.859319
275,3.655944,3.849338
276,3.658085,3.850253
277,3.662996,3.853914
278,3.657399,3.849246
279,3.643489,3.835132
280,3.63699,3.829486
281,3.643876,3.838474
282,3.635196,3.83132
283,3.633817,3.832568
284,3.622999,3.822989
285,3.620947,3.82101
286,3.629383,3.827272
287,3.620915,3.819177
288,3.61442,3.813603
289,3.616511,3.816568
290,3.625595,3.826732
291,3.637032,3.839257
292,3.641872,3.842121
293,3.642866,3.842222
294,3.632794,3.832229
295,3.625228,3.826075
296,3.625583,3.826498
297,3.622857,3.824602
298,3.618156,3.819376
299,3.621297,3.82226
300,3.617566,3.819143
301,3.622898,3.824962
302,3.621534,3.823082
303,3.618194,3.820209
304,3.620155,3.82227
305,3.61936,3.821519
306,3.623207,3.824527
307,3.616172,3.819425
308,3.619861,3.822811
309,3.621176,3.823015
310,3.612997,3.814548
311,3.617069,3.820386
312,3.621772,3.827402
313,3.622353,3.827867
314,3.616134,3.822024
315,3.603294,3.809016
316,3.605428,3.812024
317,3.592511,3.798974
318,3.601108,3.803621
319,3.604394,3.805686
320,3.603948,3.805616
321,3.596803,3.799108
322,3.595187,3.799091
323,3.585978,3.789802
324,3.585589,3.789468
325,3.584093,3.788249
326,3.579232,3.783773
327,3.573589,3.778249
328,3.573242,3.777111
329,3.574366,3.778957
330,3.58271,3.787567
331,3.581722,3.786799
332,3.584121,3.790732
333,3.58263,3.789883
334,3.576943,3.7848
335,3.570989,3.780305
336,3.57604,3.785781
337,3.575301,3.784479
338,3.573437,3.781359
339,3.575541,3.782666
340,3.568952,3.776624
341,3.565836,3.773708
342,3.562848,3.770884
343,3.556168,3.76382
344,3.549083,3.757263
345,3.548518,3.755544
346,3.535897,3.743264
347,3.537571,3.745254
348,3.529492,3.737292
349,3.527114,3.735831
350,3.536306,3.744562
351,3.540522,3.74951
352,3.549374,3.75704
353,3.547065,3.754598
354,3.528848,3.736882
355,3.523423,3.730768
356,3.498325,3.707143
357,3.505398,3.714039
358,3.51087,3.72043
359,3.510706,3.720512
360,3.517221,3.728837
361,3.518671,3.729519
362,3.516033,3.726156
363,3.503285,3.713965
364,3.493439,3.704359
365,3.499854,3.7098
366,3.499943,3.710258
367,3.510497,3.720775
368,3.506315,3.714878
369,3.496378,3.702173
370,3.497989,3.703769
371,3.500528,3.706352
372,3.492483,3.698073
373,3.495924,3.701364
374,3.496452,3.702273
375,3.504544,3.710004
376,3.511372,3.71571
377,3.515952,3.719157
378,3.511259,3.712682
379,3.51307,3.714594
380,3.51425,3.716582
381,3.519776,3.723815
382,3.510325,3.713297
383,3.513896,3.717118
384,3.507388,3.712405
385,3.518863,3.723922
386,3.51618,3.721825
387,3.509754,3.714874
388,3.511882,3.717677
389,3.515527,3.721544
390,3.512463,3.718791
391,3.523269,3.730531
392,3.516259,3.723698
393,3.509363,3.715509
394,3.508602,3.714901
395,3.515756,3.72249
396,3.517722,3.724317
397,3.511727,3.716204
398,3.503082,3.706846
399,3.493339,3.697137
400,3.49683,3.699735
401,3.496307,3.698723
402,3.492221,3.692672
403,3.494477,3.694355
404,3.49426,3.694914
405,3.483279,3.68411
406,3.468947,3.668779
407,3.472252,3.672852
408,3.477481,3.678762
409,3.4821,3.681935
410,3.48285,3.682674
411,3.486877,3.686112
412,3.482514,3.68264
413,3.489291,3.690873
414,3.489984,3.692671
415,3.492557,3.694968
416,3.493009,3.696012
417,3.50027,3.702441
418,3.494152,3.697246
419,3.494199,3.69849
420,3.479385,3.684218
421,3.473062,3.678267
422,3.483258,3.68895
423,3.473541,3.678839
424,3.4733,3.679213
425,3.463988,3.669256
426,3.450152,3.655948
427,3.450368,3.656809
428,3.448292,3.653878
429,3.449673,3.655006
430,3.45024,3.655305
431,3.44426,3.648628
432,3.443199,3.647506
433,3.445892,3.648972
434,3.447881,3.651589
435,3.436053,3.639876
436,3.439592,3.642513
437,3.439341,3.641642
438,3.435918,3.63756
439,3.44048,3.640947
440,3.436932,3.637588
441,3.434033,3.63507
442,3.427316,3.62858
443,3.424168,3.625133
444,3.433658,3.635177
445,3.427671,3.629134
446,3.435092,3.63645
447,3.437183,3.638553
448,3.435148,3.636648
449,3.438305,3.639808
450,3.438128,3.640231
451,3.446541,3.648253
452,3.445896,3.646966
453,3.442884,3.643508
454,3.449968,3.650583
455,3.448125,3.648737
456,3.444863,3.644906
457,3.441278,3.641508
458,3.438605,3.639752
459,3.430765,3.630885
460,3.432141,3.632668
461,3.413175,3.613078
462,3.421004,3.621027
463,3.423215,3.623773
464,3.425284,3.626452
465,3.421671,3.622205
466,3.418688,3.619699
467,3.420839,3.623215
468,3.434166,3.63797
469,3.427114,3.633146
470,3.420876,3.627566
471,3.42259,3.629678
472,3.428598,3.63518
473,3.422898,3.62992
474,3.420562,3.628413
475,3.411668,3.619757
476,3.426443,3.634697
477,3.41646,3.624523
478,3.400006,3.607156
479,3.408745,3.61526
480,3.408855,3.61626
481,3.396315,3.60301
482,3.388922,3.595914
483,3.395866,3.602146
484,3.3985,3.604235
485,3.394759,3.599215
486,3.378523,3.582556
487,3.383142,3.586968
488,3.392018,3.595129
489,3.388364,3.591186
490,3.380157,3.582862
491,3.383005,3.586061
492,3.39153,3.594183
493,3.37948,3.582484
494,3.378804,3.582024
495,3.388832,3.591664
496,3.398478,3.602681
497,3.383276,3.586302
498,3.385982,3.589161
499,3.372387,3.575148
500,3.373272,3.575753
501,3.365992,3.568099
502,3.368949,3.571238
503,3.371589,3.572889
504,3.377691,3.57967
505,3.379495,3.58145
506,3.388084,3.590831
507,3.388874,3.591626
508,3.38724,3.590939
509,3.391788,3.595114
510,3.391942,3.594908
511,3.377212,3.579218
512,3.372501,3.575465
513,3.37963,3.582625
514,3.372378,3.57584
515,3.365149,3.568066
516,3.380368,3.582912
517,3.372065,3.573719
518,3.377871,3.579793
519,3.387865,3.589786
520,3.39013,3.591325
521,3.386461,3.589449
522,3.395676,3.59982
523,3.397687,3.60169
524,3.394064,3.597636
525,3.393068,3.596562
526,3.39068,3.594249
527,3.381722,3.58652
528,3.372781,3.577774
529,3.369582,3.574007
530,3.364675,3.570072
531,3.356813,3.562007
532,3.349398,3.555028
533,3.344939,3.549639
534,3.349846,3.554234
535,3.344396,3.54844
536,3.324954,3.528497
537,3.323271,3.526351
538,3.331304,3.534054
539,3.327383,3.530127
540,3.326265,3.528778
541,3.329453,3.532576
542,3.330991,3.53333
543,3.330982,3.533228
544,3.336446,3.539971
545,3.332263,3.53602
546,3.347352,3.550629
547,3.355695,3.559246
548,3.35171,3.554753
549,3.356117,3.559057
550,3.345291,3.548011
551,3.339371,3.542583
552,3.342617,3.546213
553,3.337184,3.540229
554,3.34941,3.551631
555,3.3504,3.551969
556,3.348868,3.550454
557,3.348157,3.550145
558,3.341886,3.543913
559,3.351512,3.554244
560,3.352755,3.555546
561,3.338055,3.541361
562,3.346695,3.550042
563,3.34592,3.549535
564,3.351582,3.55655
565,3.348621,3.553813
566,3.356336,3.561033
567,3.348393,3.553681
568,3.357515,3.56253
569,3.358455,3.562275
570,3.364798,3.567939
571,3.357146,3.560005
572,3.34974,3.552631
573,3.343028,3.545539
574,3.34404,3.546345
575,3.335161,3.536672
576,3.328876,3.530663
577,3.337833,3.540047
578,3.3444,3.546499
579,3.343957,3.545916
580,3.335923,3.538165
581,3.329282,3.53214
582,3.331232,3.534993
583,3.331434,3.535565
584,3.328231,3.533173
585,3.335539,3.539025
586,3.330079,3.532152
587,3.328344,3.531174
588,3.319187,3.522057
589,3.304892,3.50662
590,3.309943,3.511021
591,3.307362,3.508709
592,3.319341,3.519722
593,3.315014,3.515034
594,3.298444,3.498262
595,3.300048,3.499847
596,3.313351,3.513508
597,3.316863,3.517492
598,3.322446,3.522719
599,3.319325,3.519963
600,3.3149,3.515598
601,3.30671,3.507703
602,3.314084,3.517367
603,3.306381,3.510406
604,3.314516,3.518242
605,3.322892,3.52675
606,3.329719,3.533554
607,3.332437,3.536585
608,3.328889,3.533639
609,3.334856,3.539159
610,3.325074,3.529233
611,3.311632,3.515138
612,3.312234,3.517234
613,3.307879,3.512798
614,3.305386,3.51106
615,3.308772,3.514591
616,3.31316,3.518762
617,3.316867,3.521922
618,3.315505,3.52019
619,3.321374,3.526313
620,3.323759,3.528844
621,3.32663,3.532039
622,3.337449,3.542676
623,3.339462,3.544335
624,3.347455,3.552151
625,3.327982,3.533131
626,3.326567,3.531916
627,3.325619,3.531309
628,3.316982,3.522807
629,3.323645,3.528736
630,3.317392,3.522041
631,3.320015,3.523792
632,3.325794,3.52903
633,3.329161,3.532289
634,3.328074,3.53103
635,3.322981,3.525307
636,3.319717,3.521095
637,3.309138,3.510341
638,3.307179,3.509188
639,3.300096,3.503034
640,3.291753,3.495053
641,3.295132,3.498956
642,3.290453,3.49455
643,3.284109,3.48844
644,3.287214,3.492288
645,3.293719,3.498043
646,3.279912,3.484322
647,3.278823,3.483809
648,3.277986,3.481833
649,3.275636,3.479253
650,3.275901,3.479691
651,3.281935,3.486885
652,3.281091,3.486314
653,3.281813,3.487025
654,3.277343,3.482568
655,3.285892,3.490328
656,3.282758,3.485838
657,3.283528,3.486253
658,3.273294,3.476586
659,3.273548,3.477151
660,3.262717,3.466531
661,3.264607,3.468262
662,3.273993,3.477387
663,3.264674,3.46777
664,3.263151,3.465737
665,3.260164,3.460744
666,3.258629,3.458645
667,3.255201,3.45626
668,3.258449,3.459244
669,3.245457,3.445658
670,3.253803,3.453695
671,3.268195,3.468471
672,3.283334,3.484038
673,3.278571,3.480037
674,3.284501,3.486626
675,3.275969,3.477605
676,3.280698,3.483784
677,3.2821,3.486282
678,3.277788,3.480837
679,3.279505,3.482697
680,3.285988,3.488877
681,3.27496,3.477927
682,3.269929,3.472994
683,3.259784,3.462043
684,3.258494,3.460325
685,3.253773,3.455841
686,3.257002,3.459391
687,3.254273,3.45701
688,3.247243,3.44844
689,3.256003,3.457445
690,3.258759,3.460351
691,3.261497,3.463564
692,3.259228,3.461662
693,3.27561,3.477307
694,3.275356,3.477237
695,3.275447,3.47689
696,3.281282,3.481999
697,3.275325,3.47674
698,3.27974,3.480362
699,3.281265,3.48195
700,3.278141,3.478891
701,3.278326,3.478909
702,3.271159,3.471764
703,3.270826,3.471888
704,3.26615,3.46729
705,3.265151,3.466749
706,3.260873,3.462626
707,3.242652,3.443917
708,3.242058,3.44233
709,3.239484,3.439377
710,3.249134,3.450085
711,3.247161,3.447579
712,3.25562,3.456391
713,3.252911,3.454567
714,3.254009,3.456628
715,3.254999,3.457664
716,3.256563,3.460008
717,3.259927,3.463827
718,3.261557,3.465397
719,3.253951,3.457468
720,3.252154,3.455532
721,3.248883,3.452181
722,3.240283,3.443614
723,3.238405,3.441369
724,3.223475,3.425378
725,3.231768,3.433784
726,3.222372,3.425152
727,3.228104,3.431541
728,3.228498,3.43122
729,3.230508,3.432726
730,3.229067,3.431201
731,3.242931,3.445033
732,3.243865,3.446216
733,3.239858,3.442952
734,3.251453,3.454729
735,3.249517,3.452532
736,3.230242,3.432675
737,3.238516,3.44058
738,3.234239,3.435059
739,3.24152,3.442141
740,3.240073,3.441599
741,3.245374,3.446843
742,3.248457,3.449784
743,3.251352,3.452373
744,3.249053,3.44935
745,3.238283,3.438502
746,3.237146,3.43774
747,3.226826,3.426224
748,3.229159,3.428774
749,3.231041,3.431559
750,3.235982,3.436274
751,3.22452,3.424983
752,3.218809,3.418592
753,3.222682,3.422648
754,3.232055,3.432697
755,3.229285,3.428716
756,3.233622,3.433707
757,3.238163,3.437992
758,3.243481,3.443594
759,3.245004,3.445307
760,3.245735,3.446973
761,3.250482,3.452182
762,3.255634,3.458265
763,3.248357,3.451624
764,3.243786,3.446889
765,3.237926,3.440682
766,3.238355,3.441514
767,3.235454,3.43786
768,3.240113,3.442874
769,3.220596,3.423058
770,3.224879,3.426858
771,3.224711,3.425827
772,3.223879,3.424681
773,3.224046,3.425575
774,3.227797,3.429233
775,3.227205,3.427573
776,3.220277,3.420702
777,3.231008,3.432197
778,3.228469,3.429259
779,3.217777,3.418864
780,3.20653,3.407287
781,3.204749,3.404671
782,3.200255,3.399834
783,3.207619,3.40811
784,3.20464,3.405821
785,3.196278,3.397051
786,3.196422,3.398194
787,3.197446,3.399891
788,3.189636,3.391632
789,3.194417,3.395135
790,3.200106,3.401634
791,3.200827,3.402195
792,3.203924,3.405359
793,3.199939,3.4001
794,3.199686,3.39937
795,3.190784,3.390706
796,3.192361,3.391919
797,3.195636,3.394721
798,3.187362,3.386505
799,3.189041,3.387527
800,3.193339,3.391876
801,3.202703,3.401599
802,3.197293,3.396855
803,3.207609,3.4074
804,3.191045,3.390595
805,3.190232,3.38997
806,3.196644,3.396445
807,3.199676,3.399853
808,3.202628,3.402917
809,3.198031,3.397414
810,3.180392,3.379818
811,3.170278,3.369355
812,3.170371,3.369193
813,3.179492,3.378256
814,3.176312,3.375873
815,3.178836,3.379103
816,3.177615,3.377922
817,3.182657,3.383128
818,3.184868,3.385169
819,3.187759,3.38867
820,3.179952,3.38154
821,3.175249,3.377177
822,3.175526,3.377375
823,3.185544,3.386199
824,3.181766,3.382493
825,3.172024,3.372999
826,3.169144,3.369945
827,3.170514,3.371826
828,3.164535,3.366171
829,3.17243,3.373374
830,3.175268,3.375607
831,3.178567,3.378364
832,3.175953,3.376428
833,3.169827,3.370983
834,3.169967,3.371151
835,3.176113,3.376586
836,3.174384,3.374745
837,3.172938,3.37349
838,3.177972,3.378266
839,3.178709,3.378631
840,3.18083,3.381619
841,3.18244,3.384191
842,3.181737,3.384092
843,3.177127,3.378684
844,3.171068,3.372524
845,3.171854,3.37308
846,3.167165,3.36973
847,3.181658,3.383363
848,3.181477,3.383756
849,3.171154,3.372562
850,3.17357,3.374361
851,3.183499,3.38475
852,3.171934,3.372935
853,3.170366,3.370319
854,3.167845,3.367876
855,3.167555,3.3669
856,3.166657,3.365266
857,3.165898,3.364545
858,3.152748,3.352065
859,3.148125,3.346796
860,3.151988,3.351177
861,3.155879,3.355349
862,3.164964,3.363774
863,3.165377,3.365256
864,3.170099,3.370583
865,3.171283,3.372086
866,3.174978,3.376313
867,3.180972,3.382296
868,3.180198,3.380939
869,3.180357,3.38121
870,3.170402,3.371274
871,3.170325,3.370826
872,3.159436,3.360287
873,3.162543,3.363191
874,3.168213,3.367925
875,3.155196,3.354757
876,3.161172,3.3613
877,3.149339,3.349523
878,3.143352,3.342817
879,3.133581,3.332457
880,3.137761,3.337429
881,3.146585,3.346396
882,3.159908,3.359806
883,3.146943,3.346884
884,3.156261,3.356294
885,3.151,3.351688
886,3.143401,3.344936
887,3.142372,3.343486
888,3.137261,3.338184
889,3.137899,3.338169
890,3.135668,3.335691
891,3.142032,3.341631
892,3.150023,3.349977
893,3.145654,3.344582
894,3.147355,3.346273
895,3.138613,3.338563
896,3.142695,3.342554
897,3.153871,3.353896
898,3.159845,3.359618
899,3.161189,3.361105
900,3.162168,3.361761
901,3.165689,3.365482
902,3.153018,3.353113
903,3.155639,3.355103
904,3.167599,3.366047
905,3.159005,3.356846
906,3.160679,3.358222
907,3.160938,3.357923
908,3.153812,3.350532
909,3.15228,3.350127
910,3.138153,3.335745
911,3.137218,3.334513
912,3.138896,3.336172
913,3.137131,3.335198
914,3.1354,3.334131
915,3.127053,3.325887
916,3.132712,3.332575
917,3.146,3.345517
918,3.144551,3.344225
919,3.136676,3.336329
920,3.135876,3.335027
921,3.13744,3.335347
922,3.12219,3.320473
923,3.124046,3.322357
924,3.116765,3.313761
925,3.120958,3.317518
926,3.127966,3.325701
927,3.129626,3.326876
928,3.129864,3.327372
929,3.134443,3.33183
930,3.133857,3.331665
931,3.145085,3.342825
932,3.159408,3.358141
933,3.153843,3.351633
934,3.142718,3.340228
935,3.14451,3.34166
936,3.153207,3.350223
937,3.154964,3.351556
938,3.148239,3.345478
939,3.139707,3.336087
940,3.140902,3.337327
941,3.137198,3.333491
942,3.126553,3.323042
943,3.128327,3.324167
944,3.131607,3.328111
945,3.127452,3.324101
946,3.132628,3.330323
947,3.139065,3.337377
948,3.118954,3.316556
949,3.112027,3.309692
950,3.114465,3.312102
951,3.129248,3.326985
952,3.117003,3.31463
953,3.126701,3.324652
954,3.119947,3.31757
955,3.107252,3.304642
956,3.103425,3.299846
957,3.108497,3.305136
958,3.111097,3.30834
959,3.124992,3.321986
960,3.123921,3.321211
961,3.130607,3.329309
962,3.122352,3.321103
963,3.128296,3.327807
964,3.128738,3.327908
965,3.116136,3.314591
966,3.116006,3.314851
967,3.113113,3.312023
968,3.118686,3.317829
969,3.12218,3.321455
970,3.122984,3.322088
971,3.118645,3.318493
972,3.124508,3.32432
973,3.126492,3.32565
974,3.114757,3.313696
975,3.12016,3.31994
976,3.112111,3.31191
977,3.108894,3.308586
978,3.096524,3.294719
979,3.099334,3.298036
980,3.097138,3.295615
981,3.10103,3.299434
982,3.098651,3.297722
983,3.096296,3.295783
984,3.104891,3.304483
985,3.116591,3.316635
986,3.12909,3.328443
987,3.124597,3.322791
988,3.126546,3.324383
989,3.136151,3.334094
990,3.138585,3.335744
991,3.130707,3.327894
992,3.127362,3.325292
993,3.12334,3.320637
994,3.126874,3.323583
995,3.124649,3.321527
996,3.144247,3.341516
997,3.140735,3.337541
998,3.146594,3.343417
999,3.136232,3.333387
1000,3.128715,3.325974
1001,3.126331,3.323645
1002,3.118405,3.315403
1003,3.111781,3.308606
1004,3.100226,3.296433
1005,3.102125,3.298915
1006,3.103953,3.30084
1007,3.106063,3.302803
1008,3.098994,3.295565
1009,3.099068,3.294975
1010,3.100639,3.297278
1011,3.107445,3.304919
1012,3.098325,3.294744
1013,3.092712,3.289549
1014,3.091231,3.289292
1015,3.075163,3.272916
1016,3.067293,3.265177
1017,3.065006,3.26206
1018,3.062765,3.259395
1019,3.065715,3.260836
1020,3.069791,3.264435
1021,3.080559,3.275789
1022,3.083664,3.278814
1023,3.088119,3.283382
1024,3.094815,3.290305
1025,3.101106,3.2963
1026,3.107581,3.303338
1027,3.116902,3.312698
1028,3.116058,3.312972
1029,3.109992,3.306625
1030,3.116178,3.313321
1031,3.109866,3.307148
1032,3.106911,3.303667
1033,3.113383,3.31102
1034,3.115794,3.313027
1035,3.110329,3.307077
1036,3.118552,3.315132
1037,3.10476,3.302254
1038,3.090588,3.286833
1039,3.091457,3.287585
1040,3.097428,3.29416
1041,3.104109,3.300487
1042,3.110585,3.306724
1043,3.111402,3.307605
1044,3.107788,3.304908
1045,3.106677,3.30332
1046,3.100695,3.297021
1047,3.106474,3.303057
1048,3.113514,3.310214
1049,3.118915,3.315312
1050,3.107422,3.304575
1051,3.097821,3.293669
1052,3.084626,3.280697
1053,3.088173,3.284441
1054,3.09011,3.285338
1055,3.082114,3.277076
1056,3.080032,3.274999
1057,3.082788,3.278303
1058,3.086383,3.282158
1059,3.081493,3.276681
1060,3.076061,3.271638
1061,3.08765,3.282922
1062,3.090748,3.286669
1063,3.095841,3.29155
1064,3.095996,3.29245
1065,3.076514,3.273069
1066,3.067939,3.263811
1067,3.075162,3.27067
1068,3.084455,3.279316
1069,3.073688,3.26892
1070,3.070098,3.265174
1071,3.0797,3.274987
1072,3.082291,3.277767
1073,3.083363,3.27988
1074,3.072564,3.268441
1075,3.073837,3.269661
1076,3.07885,3.274721
1077,3.0769,3.272782
1078,3.070409,3.265734
1079,3.061701,3.257471
1080,3.075393,3.272311
1081,3.074976,3.270676
1082,3.083411,3.2793
1083,3.081736,3.2776
1084,3.079029,3.274439
1085,3.081261,3.276725
1086,3.072992,3.267529
1087,3.068084,3.262106
1088,3.074332,3.268944
1089,3.075359,3.26978
1090,3.067392,3.26118
1091,3.073007,3.266889
1092,3.081876,3.276822
1093,3.078235,3.272699
1094,3.053006,3.247469
1095,3.045257,3.239209
1096,3.046549,3.241304
1097,3.046815,3.240684
1098,3.06047,3.25485
1099,3.053795,3.247976
1100,3.046207,3.240513
1101,3.044222,3.239315
1102,3.051135,3.246333
1103,3.052985,3.248663
1104,3.055692,3.251145
1105,3.055011,3.25093
1106,3.053406,3.248845
1107,3.050273,3.246149
1108,3.042783,3.238293
1109,3.040967,3.236222
1110,3.036179,3.231254
1111,3.032695,3.22866
1112,3.028464,3.224233
1113,3.043063,3.23889
1114,3.050666,3.246175
1115,3.059551,3.255248
1116,3.055489,3.251526
1117,3.058123,3.254258
1118,3.079436,3.275843
1119,3.074312,3.269956
1120,3.072171,3.268623
1121,3.086136,3.282555
1122,3.076377,3.272008
1123,3.086059,3.282272
1124,3.087899,3.285278
1125,3.080767,3.277909
1126,3.080921,3.278222
1127,3.08347,3.281241
1128,3.082962,3.279226
1129,3.092374,3.288531
1130,3.077512,3.273773
1131,3.080431,3.276763
1132,3.076866,3.272887
1133,3.076696,3.271968
1134,3.071725,3.267581
1135,3.074797,3.270135
1136,3.071786,3.267307
1137,3.063346,3.258838
1138,3.071346,3.266523
1139,3.065123,3.261654
1140,3.062711,3.258768
1141,3.062748,3.258308
1142,3.065902,3.260964
1143,3.06455,3.260135
1144,3.042037,3.238124
1145,3.040293,3.235522
1146,3.03489,3.229922
1147,3.030369,3.224318
1148,3.029904,3.223085
1149,3.039754,3.232514
1150,3.03482,3.227724
1151,3.03249,3.224574
1152,3.031941,3.22455
1153,3.021208,3.213775
1154,3.019414,3.212358
1155,3.017021,3.209795
1156,3.034199,3.22752
1157,3.032533,3.225189
1158,3.041967,3.234859
1159,3.050864,3.24315
1160,3.047038,3.238968
1161,3.046598,3.238723
1162,3.064074,3.255905
1163,3.045108,3.237015
1164,3.048363,3.240362
1165,3.053698,3.246259
1166,3.054986,3.248791
1167,3.053426,3.246907
1168,3.059381,3.25367
1169,3.057186,3.252306
1170,3.057219,3.252648
1171,3.056906,3.2526
1172,3.055862,3.251172
1173,3.044706,3.239127
1174,3.041558,3.236044
1175,3.054552,3.248512
1176,3.048809,3.242645
1177,3.049538,3.243101
1178,3.046124,3.240357
1179,3.038739,3.232439
1180,3.044204,3.238929
1181,3.03929,3.234327
1182,3.039871,3.234962
1183,3.042042,3.236805
1184,3.040248,3.235048
1185,3.04409,3.237458
1186,3.045009,3.238584
1187,3.035356,3.22833
1188,3.048215,3.240601
1189,3.037733,3.230912
1190,3.037294,3.230571
1191,3.029096,3.222412
1192,3.030004,3.222574
1193,3.015742,3.209289
1194,3.013262,3.206448
1195,3.009078,3.201605
1196,3.022584,3.214988
1197,3.037871,3.23135
1198,3.027672,3.220279
1199,3.037588,3.229732
1200,3.0305,3.222694
1201,3.032316,3.224951
1202,3.038294,3.231113
1203,3.030282,3.222741
1204,3.023016,3.215259
1205,3.010446,3.203381
1206,3.019427,3.212392
1207,3.005628,3.197883
1208,3.012348,3.204089
1209,3.015996,3.207344
1210,3.017531,3.209819
1211,3.019028,3.211716
1212,3.008317,3.200236
1213,3.019617,3.212333
1214,3.02287,3.215363
1215,3.024936,3.217043
1216,3.031534,3.223113
1217,3.040077,3.23156
1218,3.042695,3.234648
1219,3.036106,3.228365
1220,3.046865,3.239591
1221,3.046844,3.239484
1222,3.060737,3.254122
1223,3.045707,3.238667
1224,3.045361,3.238063
1225,3.031984,3.22401
1226,3.041969,3.234207
1227,3.03968,3.23218
1228,3.04022,3.23291
1229,3.029673,3.222783
1230,3.026904,3.219882
1231,3.0227,3.216382
1232,3.028572,3.22235
1233,3.036201,3.230087
1234,3.047502,3.241729
1235,3.053803,3.247706
1236,3.042085,3.236485
1237,3.033614,3.227685
1238,3.032312,3.225669
1239,3.036378,3.228953
1240,3.028838,3.22091
1241,3.031936,3.224423
1242,3.026962,3.218433
1243,3.030191,3.220872
1244,3.037132,3.228505
1245,3.036624,3.226932
1246,3.03515,3.224853
1247,3.032631,3.222972
1248,3.028508,3.218586
1249,3.02992,3.220092
1250,3.017987,3.207731
1251,3.005415,3.194923
1252,3.00546,3.195431
1253,3.010764,3.201265
1254,3.017312,3.207833
1255,3.02423,3.214776
1256,3.038576,3.229087
1257,3.040189,3.231126
1258,3.0284,3.219135
1259,3.035055,3.225439
1260,3.029388,3.219156
1261,3.022511,3.212312
1262,3.009288,3.198958
1263,3.014057,3.203332
1264,3.010291,3.199575
1265,3.01349,3.203227
1266,3.022887,3.212895
1267,3.029493,3.219629
1268,3.030636,3.221476
1269,3.037153,3.227873
1270,3.033058,3.223328
1271,3.03344,3.223122
1272,3.030599,3.219638
1273,3.017328,3.205467
1274,3.020169,3.208481
1275,3.030024,3.218643
1276,3.023383,3.211597
1277,3.039251,3.227643
1278,3.037507,3.225942
1279,3.038684,3.227287
1280,3.036475,3.22558
1281,3.028729,3.217653
1282,3.025899,3.21469
1283,3.025603,3.214585
1284,3.021403,3.210858
1285,3.018381,3.207434
1286,3.011981,3.201508
1287,3.010441,3.200183
1288,3.005394,3.194985
1289,2.987753,3.177814
1290,2.995216,3.186225
1291,3.002491,3.19368
1292,3.006988,3.197927
1293,3.002426,3.19299
1294,3.006597,3.198625
1295,3.002025,3.193128
1296,3.012972,3.203581
1297,3.020143,3.211546
1298,3.014747,3.20523
1299,3.024559,3.214586
1300,3.020719,3.21079
1301,3.007339,3.196793
1302,3.005412,3.194965
1303,3.00523,3.194665
1304,3.003734,3.193496
1305,3.004082,3.193358
1306,3.004194,3.192953
1307,2.981994,3.170109
1308,2.977805,3.165597
1309,2.978488,3.166738
1310,2.991526,3.1801
1311,2.995289,3.18356
1312,2.993709,3.182289
1313,2.994877,3.182397
1314,2.994001,3.181017
1315,3.000464,3.187242
1316,2.99017,3.177603
1317,2.999251,3.188179
1318,3.006224,3.195926
1319,3.003893,3.193583
1320,2.994842,3.184831
1321,2.998346,3.18924
1322,3.007907,3.19897
1323,3.008383,3.198885
1324,3.012203,3.20347
1325,3.003223,3.194076
1326,3.007895,3.198538
1327,3.005854,3.195685
1328,2.988642,3.178574
1329,2.992649,3.1824
1330,2.994592,3.185208
1331,3.002662,3.193271
1332,3.002994,3.19372
1333,3.007009,3.197018
1334,3.013471,3.203867
1335,3.008888,3.19898
1336,3.008722,3.198804
1337,3.010052,3.199305
1338,3.009612,3.198751
1339,3.013203,3.202218
1340,3.01508,3.203256
1341,3.019745,3.208832
1342,3.017088,3.206067
1343,3.016439,3.206387
1344,3.014406,3.204138
1345,3.008555,3.197417
1346,3.005962,3.194618
1347,3.003963,3.192221
1348,2.990973,3.178072
1349,2.983752,3.170862
1350,2.992931,3.179839
1351,2.990235,3.176928
1352,2.986287,3.172811
1353,2.994479,3.181221
1354,2.998221,3.184135
1355,2.994819,3.180929
1356,2.992319,3.178978
1357,2.986855,3.173896
1358,2.972809,3.159927
1359,2.986205,3.173166
1360,2.988443,3.17549
1361,2.994732,3.182414
1362,2.989544,3.177957
1363,2.979097,3.16796
1364,2.979867,3.168612
1365,2.974654,3.162854
1366,2.986795,3.175918
1367,2.995469,3.184988
1368,2.99303,3.182965
1369,2.99243,3.182133
1370,2.984693,3.175357
1371,2.981589,3.171621
1372,2.984927,3.174932
1373,2.985417,3.17527
1374,3.000344,3.19013
1375,3.00922,3.198135
1376,3.012821,3.20064
1377,2.998525,3.186066
1378,2.999904,3.187424
1379,3.006142,3.193168
1380,3.006582,3.193078
1381,3.008284,3.195539
1382,3.018035,3.205939
1383,3.013366,3.200965
1384,3.013725,3.201211
1385,3.010394,3.198762
1386,3.004205,3.192293
1387,3.006921,3.195585
1388,3.009316,3.198327
1389,3.012208,3.201548
1390,3.007984,3.196812
1391,3.004833,3.192867
1392,2.994642,3.18325
1393,2.993789,3.182422
1394,2.985774,3.174514
1395,2.988749,3.177829
1396,2.985024,3.17379
1397,2.983678,3.172947
1398,2.975196,3.164343
1399,2.96919,3.157362
1400,2.982767,3.171347
1401,2.982317,3.170542
1402,2.986124,3.173655
1403,2.975416,3.162162
1404,2.966476,3.151751
1405,2.966654,3.152701
1406,2.96528,3.151628
1407,2.972879,3.160054
1408,2.9598,3.146355
1409,2.962543,3.14851
1410,2.976867,3.162881
1411,2.970686,3.156619
1412,2.980593,3.167484
1413,2.985189,3.171742
1414,2.97972,3.166842
1415,2.991591,3.179431
1416,2.984925,3.173149
1417,2.988964,3.177745
1418,2.986988,3.176192
1419,2.995875,3.18458
1420,2.995566,3.183853
1421,2.998741,3.186882
1422,3.00078,3.188575
1423,2.991666,3.179442
1424,2.985231,3.173211
1425,2.987642,3.175232
1426,2.981599,3.169426
1427,2.977813,3.165974
1428,2.964319,3.152187
1429,2.973079,3.161246
1430,2.979371,3.167574
1431,2.975902,3.164015
1432,2.979657,3.16745
1433,2.964486,3.150851
1434,2.967242,3.15293
1435,2.963362,3.149147
1436,2.956888,3.142363
1437,2.952945,3.13848
1438,2.953756,3.139956
1439,2.949586,3.136072
1440,2.943994,3.130829
1441,2.933311,3.119818
1442,2.940816,3.128067
1443,2.942649,3.129533
1444,2.948867,3.135518
1445,2.944224,3.131714
1446,2.950117,3.138289
1447,2.944859,3.132877
1448,2.945188,3.132792
1449,2.939279,3.126195
1450,2.937078,3.124025
1451,2.934562,3.120703
1452,2.947058,3.133498
1453,2.956074,3.142466
1454,2.959153,3.145558
1455,2.959581,3.146148
1456,2.963195,3.149339
1457,2.957327,3.144227
1458,2.952456,3.138879
1459,2.954896,3.142138
1460,2.952066,3.139124
1461,2.963927,3.150954
1462,2.973555,3.161022
1463,2.979293,3.166657
1464,2.983006,3.170327
1465,2.971982,3.159865
1466,2.966636,3.15468
1467,2.964416,3.152407
1468,2.960965,3.14897
1469,2.975363,3.163214
1470,2.974882,3.161656
1471,2.978988,3.166167
1472,2.973303,3.160631
1473,2.968255,3.155579
1474,2.978593,3.165549
1475,2.977105,3.16394
1476,2.974,3.161056
1477,2.980734,3.168254
1478,2.983781,3.170552
1479,2.976385,3.163058
1480,2.956392,3.143138
1481,2.95551,3.14191
1482,2.962315,3.148596
1483,2.965771,3.152339
1484,2.960558,3.146704
1485,2.949921,3.135794
1486,2.958937,3.144945
1487,2.959882,3.145202
1488,2.959417,3.144144
1489,2.973331,3.158144
1490,2.962665,3.14704
1491,2.948549,3.133414
1492,2.954551,3.139381
1493,2.951871,3.137996
1494,2.950223,3.136628
1495,2.941845,3.129342
1496,2.936854,3.123855
1497,2.939434,3.126448
1498,2.947448,3.134883
1499,2.935551,3.121823
1500,2.931414,3.117871
1501,2.930607,3.116674
1502,2.93462,3.121103
1503,2.943171,3.129858
1504,2.941864,3.128705
1505,2.948266,3.135725
1506,2.958508,3.146184
1507,2.964434,3.15103
1508,2.969077,3.155213
1509,2.966738,3.153557
1510,2.969484,3.155962
1511,2.974902,3.1605
1512,2.971074,3.156016
1513,2.971667,3.156247
1514,2.976596,3.161467
1515,2.979824,3.165664
1516,2.970543,3.156468
1517,2.97144,3.157623
1518,2.972595,3.158464
1519,2.968412,3.154576
1520,2.972271,3.158221
1521,2.969783,3.155174
1522,2.970013,3.155396
1523,2.965832,3.15069
1524,2.960704,3.145888
1525,2.971597,3.157689
1526,2.961733,3.146901
1527,2.960161,3.145277
1528,2.965503,3.150868
1529,2.96007,3.144635
1530,2.962681,3.147278
1531,2.958673,3.143957
1532,2.962237,3.147945
1533,2.95684,3.142289
1534,2.95131,3.136472
1535,2.94875,3.133244
1536,2.952178,3.137212
1537,2.949329,3.134268
1538,2.949292,3.134582
1539,2.945588,3.13071
1540,2.949667,3.135289
1541,2.948756,3.134482
1542,2.939981,3.125368
1543,2.943639,3.128007
1544,2.942044,3.126032
1545,2.945171,3.128783
1546,2.949129,3.133268
1547,2.945014,3.128383
1548,2.937362,3.120372
1549,2.935667,3.118981
1550,2.931715,3.115593
1551,2.933778,3.117685
1552,2.941291,3.125732
1553,2.942123,3.126136
1554,2.944794,3.128922
1555,2.940267,3.124219
1556,2.938291,3.122345
1557,2.942258,3.12648
1558,2.95509,3.139909
1559,2.938631,3.123776
1560,2.935334,3.120578
1561,2.935774,3.120592
1562,2.950087,3.135319
1563,2.965215,3.149526
1564,2.958817,3.143748
1565,2.959643,3.144181
1566,2.944312,3.129098
1567,2.942154,3.126461
1568,2.942276,3.128098
1569,2.957129,3.142185
1570,2.948705,3.134546
1571,2.958959,3.144978
1572,2.957919,3.143842
1573,2.952429,3.138248
1574,2.943519,3.129615
1575,2.931976,3.118782
1576,2.918297,3.104503
1577,2.907097,3.092585
1578,2.916465,3.10201
1579,2.91958,3.105018
1580,2.922754,3.107407
1581,2.920264,3.104872
1582,2.923307,3.107686
1583,2.934056,3.118834
1584,2.940141,3.125247
1585,2.933005,3.117621
1586,2.937443,3.121666
1587,2.949003,3.13189
1588,2.950165,3.133827
1589,2.948332,3.132111
1590,2.94551,3.128422
1591,2.942486,3.124997
1592,2.944897,3.127058
1593,2.948934,3.131184
1594,2.937167,3.119533
1595,2.928408,3.111056
1596,2.929115,3.111819
1597,2.934182,3.116353
1598,2.938807,3.120993
1599,2.923325,3.105163
1600,2.924757,3.107054
1601,2.922114,3.103633
1602,2.922004,3.103651
1603,2.932674,3.114951
1604,2.936973,3.119594
